id,monthly_Revenue
4465400,3718.78
608629349064811166,1037.78
981894508939312892,2105.95
52014961,1719.8
836285112356489303,1410.35
729730483477613494,1984.62
944215862491317970,1858.27
903006033557171147,1212.45
564880673945279487,1161.07
764443008812380227,1638.77
1011226885622723129,1453.62
13111653,1348.33
4075378,1662.76
840731158280306977,1815.63
628492950660821905,1663.06
18829637,1581.38
9074376,3413.39
1023654063534177793,2144.03
32186644,1326.15
51517972,1796.0983333333331
930044757866918155,2938.1
47730733,2331.48
644832400238584702,1569.9
563811005512806585,1896.38
946658103976441380,1373.82
641935676868138681,2017.31
36575124,1360.2
10992078,1607.74
792767566503426938,2614.19
28374232,1669.86
903719953366256795,1616.29
40448057,3290.27
21100013,1653.64
38131507,1256.57
3742414,1376.41
41269818,1615.56
51659675,1644.1
711026764081424364,1321.37
34312548,3021.96
12156919,1571.85
22943194,1863.11
641286360676071042,1528.51
841410712756779955,1281.09
46585029,1675.41
11242550,1586.51
28364428,1412.69
633435043601003244,2674.15
19434101,1631.89
919835952050197567,3010.32
46101575,1444.23
943608459019031145,977.61
51657992,1853.52
932459421467233660,1793.46
52799181,1307.62
29998069,2035.83
36324641,1624.91
35939545,1740.15
717551955250963710,2024.38
29214094,1871.37
996726509410904870,682.05
53514361,1722.01
17703644,1389.88
48258797,1795.8
1016326008395573822,571.8
54267773,1698.38
34180296,1469.79
17497419,3464.52
1010953851934743611,823.63
979911523694843918,2047.1933333333332
1037980108699410965,1670.35
53741351,2812.0
923533539114172105,2382.58
53223007,1552.18
969545323180749749,1059.84
30204180,3121.42
38880792,1811.39
811650296544480046,863.68
39205913,1616.9633333333334
917042757640231846,1661.1
591501265133490901,1610.09
706517007757035755,1755.25
4256725,1597.52
1030539740098574302,1432.7
853117164964826858,3014.54
39894314,1406.6050000000002
30464949,1465.11
792883005062628538,2112.785
47920470,1740.66
22102093,1556.33
16243231,1515.64
908213423748310861,1712.55
914167814583406410,1581.22
656093243302306911,1842.22
1031887036489081599,2772.27
883766409415372796,1260.96
944225705256990863,4012.03
45237387,1613.27
824951093312674964,1721.76
685477917083219830,2087.39
941442136067315095,3026.74
787674726735576470,999.71
654546537869049186,2842.93
611121379258353622,1680.96
924773797588718230,1667.77
959579294765184094,1372.91
34655839,1716.27
11393844,2584.5
908270876253804815,3334.16
983323697917070885,1697.6
969146111815050827,1824.4160000000002
42591398,1458.63
38324966,1985.04
619599861618191200,1363.21
806270279530380112,1404.68
688544334661194671,1719.02
13617271,2929.42
29736759,1408.68
44269319,2003.14
25314294,1403.45
12245225,1550.7633333333333
46215685,1514.92
36841352,1352.45
634854307981905605,1558.76
994904719094409277,3405.59
686907478188369765,1597.69
956226912381732798,1643.35
22326190,2806.23
955171759960993588,1297.9
800970191867596004,3058.17
905407437025820797,1000.25
732724971469976884,1464.27
713271,1882.73
702366281800944724,2028.83
939503106846943236,1115.15
927692108400643914,1846.64
985167961387919079,1647.22
196722,1641.72
1026860427303774188,1917.23
624723728831681250,1803.14
13996470,1524.14
645380488250317455,1616.73
704265965203455871,1701.97
857547425681870506,3372.94
916904518849278671,1925.07
49924638,1817.07
713925697989494857,2073.58
50704191,1540.8125
26047,1285.14
1291394,1413.34
41723288,1677.73
22692270,2035.38
906613439128557258,1990.44
917662077646663730,3113.26
53612566,1612.06
757429830415010252,2598.16
7804061,1748.15
18812413,3017.94
655709011871500958,3835.81
498112,2590.39
816757366853117057,3015.65
916108130169742809,1741.21
1021818741561711720,950.0866666666667
750296793958003198,1998.66
1015935,1595.58
23172118,1215.98
896692070449107148,2888.5
3130486,1413.96
640593750402489550,1602.13
31039997,2719.04
892602680656699069,1430.07
980871365948717515,3249.7
684585572455552764,819.5343333333334
18993540,1594.34
686132301906727786,3571.25
27880864,1531.0983333333334
648571715106497356,1620.55
22551920,1557.58
48960147,1771.09
43140470,1531.97
1020452280405309693,711.3366666666666
52740070,1824.73
1020934462740230479,1610.38
1223989,1224.38
970485241341974364,3228.87
847398646238437144,2667.35
944911393949960465,597.0325
912925970585391192,2486.71
39560367,763.64
29187281,2045.13
640471776476857550,1513.74
33041847,1390.87
34339291,1768.52
929357162785899439,475.67
6732143,2793.37
4120301,1657.73
35806049,1596.59
591513009241652117,1153.4
40089922,893.5475
34045168,1541.48
24946452,940.27
23413748,734.92
754269133259938444,1531.89
751408343328701645,1592.4
4787924,1531.76
24253909,1260.84
929028648638965571,1620.76
53172196,1529.54
983273645789371192,1873.28
46995034,1812.53
39424317,3842.08
28760438,1767.3
41884019,3353.54
899424111651588086,1604.66
679267569821552445,2000.71
968107664754833716,1540.13
777679941260560186,2038.47
648655367951170235,1164.27
1006532730540936312,1628.0
1014756736136699481,1028.3
848026711345020633,1591.04
961511526033300153,1107.24
1011153096655491988,1936.76
859577678298563830,1804.82
702876444293572136,2702.48
965152970102994187,1549.77
749710220230060023,2021.51
819526666335812869,2782.5
992780875974912327,2866.29
24474689,2131.38
73841,1228.95
575500580463866352,1285.79
47428119,1680.145
962440152949000270,1407.8
31317042,3248.9
42457349,3296.25
46340428,2767.34
807956993753714062,1411.86698989899
755903457080295553,822.17
20698187,1521.01
872368827432465536,1508.82
1024113865791624446,1969.61
605332606169282410,1783.95
28318264,1521.69
40635367,1755.19
49444222,1584.55
48756845,1839.61
2084273,1647.44
903126479621998105,2589.33
1014579986735937952,1184.12
34446877,1950.9233333333334
725580603628565216,1591.92
28331525,3446.3
888395632837630091,1423.72
924605295788499108,1785.67
52594124,1423.56
42843544,1257.36
618433336469061058,1795.52
33803742,1611.47
652528955746967643,1969.8
32044207,1344.2325
988532047627713512,1695.3633333333332
873536889577800875,1956.9
510948460468405144,1549.91
30147059,1825.15
26878524,1740.72
33657678,1765.13
19035665,1598.83
50200213,1181.11
798889942621016112,1803.69
43103070,1572.3
37215967,1520.87
966888926897524126,925.3646666666667
38191572,1374.095
1009672862304504296,1132.615
572609209433746227,1448.26
854046532344088446,2214.24
41688366,1675.1
694174735980776361,1756.1
893065206116101081,1502.77
53282868,1827.01
882126103963167188,1729.44
30502873,3052.57
557360388521540150,1449.93
930541445678237295,1939.4
986515754825534706,1380.29
17911210,1454.9
47373270,1571.38
968816235939033273,1349.92
27903066,1812.52
13007169,1307.79
44317516,1882.27
42002656,1432.17
938538528479222423,1759.62
923208916196239749,2919.46
654545174431302984,1562.54
773143001560771560,1419.09
31445122,1453.06
539840891599271273,2324.97
23121835,3202.24
53675968,1814.99
22587726,1641.385
33786053,1326.4
31128900,1890.49
618160400027471214,3260.52
574795430216987558,1850.73
1024305364321446422,3121.88
28229609,1560.22
874607598592266223,3195.2470000000003
748524351823698628,1172.25
21701347,1881.13
1012385,2640.45
45911684,1544.3
48499335,1959.68
24658451,1854.5033333333333
51869906,1524.02
740073787325078758,1958.32
52086928,3166.9
24574485,1723.97
960935343000233165,1669.15
14261655,1175.34
46879080,1131.65
696702222183409636,1631.08
48562554,1808.15
773244868554161175,1286.33
894210550000758826,1269.55
37331659,1910.15
42937545,1980.96
928558980701087563,1535.36
888379139240892337,1784.99
15330197,2080.74
630450878058080908,3442.14
879154002670373999,2926.36
12853613,1612.55
6453318,1299.15
589943890853533309,1687.7
976362401453839525,1116.52
909623218753927140,3117.47
7749728,1186.6875
16026015,1415.01
845284101352923786,1590.49
812686032484608574,2612.42
615502055752548982,1431.7879999999998
679796062201655304,1167.2625
44704769,2687.86
7921570,2016.86
33837243,1655.58
703863098145595811,1643.64
696431875149792945,941.84
49611171,1527.88
23976814,1660.92
43214742,1683.55
829079304829825241,1695.8
1141457,1916.56
968145198508026455,1649.11
53908651,1302.46
45531528,2222.94
53313118,1711.37
2675179,3008.55
48846092,1188.2483333333332
969744464140988284,1880.47
890037419970606150,1150.13
929673157473474479,1224.61
797991977818867890,1470.31
810923330649607464,1601.45
53130366,2700.37
848589895535725197,1082.8183333333334
50799718,1511.66
956436034381611363,900.35
3340865,3511.65
631141582243461534,1950.37
933515456515658050,1386.32
38603948,3110.3
13297246,1976.68
17494290,1181.07
840610893638940966,1632.5
46449044,1788.71
923442041508805358,3031.5
24718014,2174.43
1019668851970808846,1452.833333333333
935038586980817663,1702.06
638257517892456878,1759.89
972436673328558056,1116.57
972444849291136738,1716.28625
685648100565353058,1843.45
611511432669901937,1931.61
21550757,1709.48
932887118507573731,1899.01
30051172,2722.31
780704802382483693,1503.67
858636557062356269,3272.42
968201026280489678,608.98
31387750,2544.3
17738026,3320.93
827493154825565862,3005.88
32043949,1590.13
28083134,2381.485
36036194,1168.87
11207279,1304.63
1043785105970341901,2215.0
888689379025049113,1582.26
940069738091986089,947.53
49496849,1290.72
992219351762738324,3249.63
48087568,1533.43
1032625040159335264,411.23
821920671448074191,2769.86
32902275,1735.19
944206017889618398,3023.05
3563108,1700.82
1006158271672848672,2118.52
767518831556485268,855.49
858363910971019719,1387.78
12336968,2700.04
53309359,1356.22
31494152,1599.1
1005713969110960909,3235.95
670293369748337563,2971.64
29780872,1289.98
53344603,3342.6
686300114488054568,1774.31
892745209554062365,1198.81
31240187,2350.7844404761904
36480754,3361.84
913689178509483854,681.16
53401445,1591.74
53726311,1425.5
52385091,1583.46
32571178,1381.66
940922126273706344,3735.69
1010373029610726119,2192.56
967472637472188127,1753.94
44306270,1570.44
49118691,2033.13
53817474,1652.8
52474433,1695.23
944404458969711180,2037.09
10946286,1629.44
853592363607173468,1430.95
24183433,1289.24
8047959,1314.65
744976201908379359,1066.3967380952379
28674567,1515.29
591202087897623948,1356.6254999999999
22973593,4049.74
924702337739202739,3920.38
17383030,1902.2
672978756275835545,1810.47
909788917277258902,1416.9389999999999
743417639065038420,948.6460725108226
765299972595687525,3471.03
995880456862146969,1790.77
11941603,1758.7
690169984520169423,1677.2
943588257553501001,1489.04
1037933039686294607,533.11
29970776,816.19
14595350,1630.19
850074702335810846,1860.02
36184209,1591.6033333333332
1043694259400656638,1593.6
40537372,1742.71
51388855,1682.7479999999998
47474716,1583.07
790553076076537355,1732.3
54283005,1646.22
841626624357250966,2028.62
26840662,1364.53
21188818,1542.31
930386188646732389,3108.31
1040993480897966249,663.72
25074332,1029.35
1015562996305746436,1046.89
27514047,1729.67
644390721714287946,1375.3683333333333
43831987,1922.99
853889347583467160,1455.75
705719018408799994,1764.63
809769020944802389,825.06
866204118838587582,2355.74
768398127667812806,3313.85
6425616,1714.59
633486950958651716,1645.04
969929897430359978,1778.58
54366570,2531.54
35922487,2929.64
311354,2017.9
913916909699172544,2835.52
976323374442198239,987.34
51320938,1688.08
5759976,1659.21
608076159232440691,1683.84
992097956190910605,1687.02
978295577167464754,977.21
29266447,1659.66
837772775743134643,1771.31
899203529162158615,3748.17
36715252,1568.94
891634053063785993,1906.7079166666665
16458904,1433.861
920249665610178383,1561.37
53664325,1089.3170238095238
922086786571862390,1793.05
962913804279248042,3262.67
650607262159929480,1795.63
44303204,1859.8
666577632708620176,2939.29
712249571998973299,1211.99
851057341643129120,1739.46
813135493729264472,2996.37
729242308875289923,945.3766666666666
28544724,1475.2
1035078706077601688,2392.83
40177739,3295.0
905844527476556054,1542.82
6990532,1660.67
31101733,1621.97
54039081,1660.85
619021585782094652,1467.4
576324169204815575,1513.05
779915751176813089,3306.75
661711794147012289,1625.73
36478274,1712.95
10619943,3470.3
902085850609535776,2105.84
25752951,1206.75
38243837,1770.51
872759139209238330,1708.58
2709965,1335.59
7054627,1490.53
25346154,2315.18
24396414,1756.61
961826638045297199,1648.44
27377931,1757.82
12815958,1723.73
29236428,1444.9
858817206664004737,1289.1
911886937414711504,3494.8
830528538990494916,1027.3
953868647575548852,1506.14
27314632,1621.855
832673361143481015,2000.9
38067381,1508.04
34436113,3456.26
923245092886010715,2667.29
30133503,1621.73
2958786,1554.7
934374947047643891,1529.61
927653958939762248,1708.56
23370526,1909.2
883819612588751590,2134.1
40634680,3042.26
53812295,1299.05
964601331843112625,771.1
749265621049306621,1685.15
42069280,1260.56
47908132,1644.49
30112138,1520.05
31646868,1579.63
800433241339540478,1649.6741666666667
674193493104024393,1662.01
952142875884116872,1971.67
45032739,1674.48
541472859148711343,3614.11
7679929,1871.2
995621102835223919,1223.52
933491626783305779,1342.38
6134895,2662.34
35941324,829.44
52935965,1472.84
552199534066642003,1863.78
866740275981598597,1794.87
939961285038560811,1123.85
38266089,1454.56
953864476457366504,816.6583333333334
976262118849452336,1396.7853333333333
960452988755682370,2049.17
45626100,1787.86
678321848015350158,1507.92
872852188124398534,1636.55
681151528493373084,1526.16
865184696356075536,1515.5072380952379
45243636,1629.8
1025809278895556122,350.32650592463096
50287231,2149.6033333333335
22696589,1637.02
6426269,1895.16
4493377,1447.15
961757210706931810,1651.92
1042182168385771289,903.2366666666666
23020307,1678.32
975669649038301703,1501.32
773216148474833083,1301.8762499999998
892758192093887552,3139.83
54243757,1569.41
838660821598665306,1250.31
19094811,2154.28
1191143,2887.32
740020164783060026,1441.01
6416204,1714.11
36043428,1527.14
653493908624521531,1728.44
892314920827692115,1645.89
24755125,1719.92
21643708,1406.98
995120739216133478,2593.59
15481083,1525.24
42696012,2028.19
15514194,1721.26
52496643,1414.16
51753888,1903.35
934279591549320726,928.77
42896340,1373.6
24699111,2934.67
29795231,2013.0
681249158664573887,1419.08
594560281009631016,1713.81
943490329235999776,1625.07
956267866287090390,1682.97
995196087341251849,1908.66
4856515,1883.76
751742278545937316,1740.92
52751384,1994.94
39985555,1920.29
762269555352822097,386.18
51604803,1683.1
35089036,1573.02
31934285,1652.5
21912,1522.0
751423757365207825,2222.88
755916944893858507,1577.91
918165541071668839,821.5636666666667
18024,721.32
898724730066153990,1327.25
22391348,1669.38
6660457,1256.94
881355111685243680,2610.48
851444520902730746,1939.03
581913215389516560,3341.69
942198381109067042,2013.92
634039127458505827,3022.03
47054062,1823.32
955353651684123845,1374.09
625844667500024063,1741.64
710837425541630897,1599.38
954030225758890340,1807.96
881917024842431156,1093.7376111111112
856831885630423028,2759.32
952931771957298874,3074.8
22422543,2144.8
14555310,1448.07
846423776304850185,2795.63
45715295,3737.83
1036018666584943350,1297.93
687073071466085759,1885.09
928370823275734824,3201.81
38847417,1561.95
48227761,1626.13
611761422268205294,1727.36
762337352924239148,1584.6
18638495,1491.56
27023757,1688.5
787070840956286074,2652.5
793625566805364379,3178.96
829193558827888044,1090.1151666666667
3309313,1826.94
969710158705702652,375.1
50330531,2049.76
42097672,1848.61
698081321110887201,1268.84
654668434867588387,1247.1041666666667
8941830,1689.69
597765578414885881,1804.5
52940209,1209.94
677047880782607284,1775.309428571429
892314474725715239,1770.22
41958233,1738.83
957450266512722285,1572.096
629259683606195319,1712.97
1092176,1632.14
23056643,1242.2
46292342,1611.58
993523037770138586,1515.96
8736944,3555.9
782611575046081777,1266.5
17302474,1709.44
563115181211622654,1919.01
968116856616973433,2487.67
1021290912968953815,1248.89
14194524,1575.26
702281737808303979,2931.9
53338639,3546.63
780599393228932130,1930.92
27641406,1279.085
756871298880801904,1884.74
18650443,1914.845
749547956286953697,1442.83
3168686,1899.15
38977330,1378.61
40557835,1773.47
1040106486965970691,1200.66
1000876439117206130,625.96
688443968489123584,1946.8
969653392389060980,1829.21
903202768637136999,3359.87
11688698,1244.96
24134940,3158.22
33687129,1330.46
862891756653598744,1393.34
745025767777116821,1183.84
51747629,1120.96
48167443,1280.05
42301804,240.31
26160268,1459.47
835784871538797794,676.0225
36557638,1722.795
1029826080780454158,1774.43
1006111949856415760,722.13
3994011,1294.96
51456497,1827.5583333333332
1029739696773957586,1047.09
861778263366195328,591.6933333333334
47549583,1017.8033333333334
995998637395824376,1191.215
27393918,1767.64
708648709451898433,1778.77
974033996678481217,690.559
50807299,1750.69
27268683,3639.44
24066913,1517.62
27561314,1819.78
639042332403169021,1836.06
926762637781525027,927.85
974565104288695749,2179.5
913972308748448291,1028.9
53595567,2930.76
919882207484674798,2811.77
39321923,1722.76
4630113,1548.16
49417587,1721.88
869801239501689123,1132.98
53009047,1439.03
3812348,1913.94
1016713565660155853,1171.48
736116744137852547,1589.85
771366,1820.69
28955616,1313.57
603626814689298469,2140.41
40180166,1534.54
40923455,1886.68
574531787170117608,1694.68
51248997,1179.05
748993882666940231,2058.92
608252515654744309,1462.13
53230371,1412.8
42449531,1560.64
36988462,1775.54
1016025337079336296,1759.41
35809857,1789.47
720901803527787917,1906.05
893875511669747229,1119.105
28987551,1437.0
922651416658124004,1883.91
776514171059457790,1599.13
52740677,2873.68
33299354,1486.29
26801360,1231.16
7741348,1652.01
13095272,1745.67
829564085300659046,1351.91
735770656582654631,1513.54
17734782,1878.4
5638429,1414.18
17964143,3488.88
24653941,2160.48
568808881399597264,1893.51
48547310,2112.85
885855032997487841,1429.09
3100878,1351.79
954560881599662250,2073.98
41530441,1548.74
774867293948514142,1742.24
750063404491358773,1945.6
30768655,941.02
12213507,1658.18
637770635296994623,1747.9
1041627212949511129,1149.6966666666665
51194450,3313.13
638309253284807578,1834.51
17611127,2978.75
993815278064103878,1603.52
29659260,1478.456666666667
51018159,1570.35
636541707361749311,1666.35
843794414647022682,1527.08
1022662630374435598,689.5
997243378260024440,1174.1666666666665
976282778777619243,940.14
1014577619472409507,1911.71
1026949339160938352,2480.94
2966088,2919.82
994372673953366075,1692.015
947192833308451119,2996.16
36615837,1792.34
41710817,564.95
800935892830608949,1302.99
29902621,1418.18
6416686,1476.88
53868586,1979.81
656052900229080988,1025.8794983904984
921098999467417118,1597.52
4418911,1188.73
967662702180312646,1725.35
35091087,1506.81
44021555,2225.18
12294424,3130.05
47406734,1640.06
53421362,1778.75
3679016,1796.37
585747588926620776,1700.76
958675830485818845,3122.75
679042188518315058,1561.86
37493589,1299.15
937795357591962024,859.72
53531830,2724.02
898088289157936718,1555.07
865532956654984560,1511.28
927505979510017080,1276.5666666666666
744990487628780430,1066.3967380952379
881910130441121868,2926.69
626670584936455248,2340.32
6692629,1419.4
695504265229487008,1882.93
36104697,1368.415
1043142687866502122,1350.57
1040615604622734234,887.61
801024168663683393,918.785
1001668494313338968,919.6
46372111,1556.52
52639645,1332.125
17580870,1603.67
1005663281001463884,2214.23
33073432,3302.48
794280165133001580,1944.7620000000002
906165847219498378,2583.76
45998307,2821.39
9237061,1364.93
6993905,1617.9
28154661,1453.74
967515496905922725,1414.44
27837513,1724.82
1020622742027577613,950.0866666666667
833952751887096562,1749.931
45941161,1025.7
782725694993661305,1647.22
4699429,1454.71
39511588,1576.13
54271255,1443.96
888362047495421930,1475.79
53026140,1254.58
27257931,773.63
1016117395250384714,1835.49
43533212,3268.81
971180841745973748,1233.33
14127036,3116.77
1011165223778812926,1453.62
461370,1964.25
702569746591193300,3079.8
49469128,1448.32
613327802223607485,1382.1933333333334
755921598792885202,1713.9
927517572912592731,836.31
28317472,3199.32
6452450,1443.16
26342358,1343.06
968103912595228590,1080.9
894135724044874473,1886.74
1014463888926310646,2009.75
32982427,2752.47
902283687852576357,1555.79
51476043,1601.64
781526387244147505,1729.78
4104870,1869.11
944976798774137912,2993.9
13829747,3203.16
1011109642554622116,2185.81
43817461,3181.65
53046207,1444.23
33340994,1027.05
9562576,2035.98
43501445,1957.395
8743634,2007.39
45723370,1896.61
18735027,2647.9
868105255970935888,3033.73
8255521,1315.69
377706,1328.97
54343169,1436.31
898079222122228915,1932.2220000000002
711496274723040660,3052.93
694875479872586956,333.3
37261304,2040.52
702079179822599606,1489.16
759391143392781156,1567.2
33098749,1475.36
34874854,1675.21
24413898,2814.99
35304,3120.96
945270589226266186,1480.898
744961251977035854,1812.65
39172904,1653.48
994579254207808808,1032.52
14607432,2853.76
563248180261220836,1639.36
36078854,1373.33
866623099520556575,1885.23
3342823,2063.73
940583140519534024,1122.79
24993810,1461.99
1000013089813316590,1804.19
687627343249251747,2034.23
21045621,1733.57
507767,1974.95
47292724,1397.55
948032080763257631,299.3086666666667
680334719746978812,1474.31
51324665,1669.0
34343991,2037.81
45028703,1820.68
710286970796220640,1481.84
765210232672973577,3764.83
1360765,1663.11
726829619548053751,1133.4783333333332
1034146682721688246,1656.6333333333332
679037303886725371,1738.01
34900603,1901.96
793384773896731046,894.5
876124865050413306,1920.1
14535292,1880.73
682957147160819942,2191.624
1042103078956150583,1070.05
711908882319965486,1794.006
934129539051920012,1840.72
853607704195379789,1764.56
27738173,1411.82
659040153442647734,1335.78
896346352678055576,1909.21
15312395,1519.24
49093947,2008.18
48611956,1488.2
1011187750956360185,1841.884
28053100,1573.77
35869904,2062.11
803767891405757191,1226.73
24503070,4005.04
16233697,1488.27
514444008042828499,2302.9
23527106,1546.49
50958386,1509.52
932904660689998973,2138.58
732108046088834881,3362.48
47344582,1797.36
895820181126266695,519.0126666666665
908772160503959142,1337.95
841992855797021992,2320.52
37209961,1574.2233333333334
28107117,2056.663333333333
12604369,1614.41
635567434949366572,1733.7
653231046834017130,1664.6
732954152878008420,1139.89
700360486474313397,2327.29
13659871,3600.57
897919706570362967,1411.79
13998682,1247.13
32312468,895.37
47870299,1292.74
37807603,3199.41
21577211,1762.35
992180635524620061,801.3
714426707514819432,1728.2086666666667
740166355594264154,1502.05
776888971351739583,3814.29
17195893,2640.1733333333336
757304615588117949,1900.14
735257994956515880,2784.34
22434983,1332.46
933384461183132776,2923.11
35045926,1708.69
23482505,1464.05
8252104,1622.59
964633786107362007,1427.16
6468462,3355.32
52820683,2154.24
569162770621083690,1680.22
42671966,1564.855
5631903,1679.93
671784023252600509,1890.4
25750741,3781.36
552948063129239677,1719.81
839056487729299204,2127.27
27112358,1841.64
21391849,1362.89
674621989064636219,2373.99
42842762,2240.85
35773343,1849.29
970439991463445612,1650.88
54391818,1584.15
27509280,1623.19
611761793841869482,1416.81
705778708633220567,1375.77
975614034380256893,1188.575
19408516,3481.92
653111931586097955,1965.75
943498343696854101,2246.23
22569894,1407.18
44016081,1952.61
772625083598946338,1397.02
963008407445041328,2764.255
54342824,1496.34
7639521,1385.68
889157526291436732,1999.7
1043555010873166927,1100.044619047619
914828199130851380,1541.89
44379773,1967.44
42715387,1540.41
874598062923367204,1385.19
51217071,1701.6
855891766061703141,2789.44
813141036861666339,3235.7
30557868,1826.98
979265346950845617,1847.33
27554125,1965.6
586527360182677089,1557.15
24290071,2916.01
944898960014418599,1357.65
1936740,824.77125
11512985,1493.49
787525129882674319,1251.7204975857471
23274503,2047.28
1025583851443203174,2382.15
51445585,1683.29
770037437586709007,2457.14
20761423,2002.47
860078034305335575,1643.01
9315705,3317.51
688688410004435455,1220.6120833333332
986615721167826658,874.76
40622234,4100.02
910792504538098550,3172.43
35614424,1583.19
953672723424856595,3061.95
42318659,1549.82
731298385030157900,1899.85
777845719535661781,834.5716666666667
838756003615851523,3262.42
818776253504919317,994.17
5347437,1460.3
1022525123815533284,1473.31
779192581454708786,2026.68
686093412015816360,1560.25
956019044286668896,2881.89
774764042569967907,1940.7995833333332
45846446,2097.97
35582089,3269.47
937743991553670727,3125.95
13831080,1384.91
659986,1139.74
1011027625250669279,2982.55
18487637,2992.74
45105289,1655.07
922048853171442608,2578.18
26755517,1557.9
858780834714802319,3086.9
37832713,1232.23
40483667,1598.23
988084293034320864,1752.84
48311778,1649.54
731525183887783714,2105.96
689768447284830545,2751.84
34068839,1665.89
8656743,1746.47
1039837151925950832,1510.5766666666666
13358432,1685.36
745524390513431446,2808.94
1022887813151486194,2295.45
41453394,1437.16
24918275,1339.21
54335389,1355.15
793019747797442593,1578.28
31178487,3226.9
38160401,1351.53
24972517,3286.94
1003745090356162116,2266.12
3138351,1535.31
53989770,1592.12
18527181,1755.37
926245977091142008,1393.18
891523792539994243,1349.66
883766402448845072,1124.82
754474494838555627,1373.62
52922381,1513.2
870345135525475141,2893.46
12754577,1447.09
16302576,1780.39
1004283782586351397,965.23
690166406246340329,1664.06
1001237630871589276,647.79
51435213,1627.25
679236156119656441,1696.42
20235568,1316.52
698850712096141475,1124.445
943727293662506572,2068.55
562273398233310583,1898.48
51453218,1733.87
882820464624804659,1682.18
715404243365272214,1277.32
47328611,1851.68
20586963,1959.71
658165734146739635,1672.92
976255006439000780,611.19
21913,2688.07
978326620963810661,2331.83
6364673,1415.19
959529110487453427,1847.23
1011204750061662371,1936.76
664084044932877091,2113.97
46814336,1783.23
819885558177176872,2088.97
694857320391184517,1138.39
937645384668108165,2968.17
723174972783640817,3376.94
933451668935657101,2202.21
42743449,1774.45
1018937441498951847,1931.45
573217195003184747,1401.5698095238095
24448342,3532.64
988652996758441490,1182.68
877751497644643812,1789.85
866976300595521910,1360.43
28311114,1388.52
1006161482028441543,1316.15
33310791,1894.88
45347643,1624.29
802927388053524873,2029.93
22310305,1659.52
924246213244772259,1659.68
894928248932291492,1493.75
28227836,2165.28
1005769316812466951,3780.82
47095909,1427.17
21853186,3066.12
788529677978865032,1349.065
1003224578872304385,1151.67
15648459,1524.63
12798674,1893.09
50092099,3066.34
51468414,2912.7
15008574,1712.19
248014,2962.2
892832608717740339,1824.5957499999997
448104,1455.11
1000292418610835657,1395.45
551448362493059866,1318.88
21140065,1673.89
953837293304150686,1827.91
34538696,1637.05
37687267,816.28
34929386,3428.65
40904332,1218.05
906495487858698325,989.65
871938222700272619,776.97
703167656545973227,1568.23
125176,2018.79
546992172231995022,3059.8
755558,1797.2
22505866,1720.23
44181633,2015.716666666667
814537539514681800,633.06
3971726,1544.23
39954476,1662.19
50092727,2584.52
931366114493009795,1591.23
36005894,1942.615
21163623,1957.0
995975121236852447,2183.11
755885807689048946,1915.5604523809525
749925573670595678,1384.6
51465302,1713.44
1021355010951172752,1026.28
842375989109963840,1604.3
34179989,1944.86
48258110,1939.81
50007462,1479.18
851553094309845658,1606.82
881866425095040351,2164.31
753809687233713202,2224.675
4588807,1578.51
945911324848298814,1879.66
766977627250888021,2119.18
41696939,1680.71
838836701465376791,1587.32
52202007,1990.18
46549009,2901.57
1034111161307090550,2021.99
749463145258836431,1494.48
832137825019254833,1788.2
865249520880072777,1572.71
874633861077921368,1815.66
1042285463819910552,1149.6966666666665
14831562,1117.63
805064294975438980,1501.38
903155509561260454,2565.27
5761885,1901.97
5961772,1409.79
39966440,1369.385
52477526,1040.98
50882256,2980.91
50645581,1665.28
54054764,1715.03
15041985,1295.94
921788305000768403,1966.09
681977772633720398,3639.61
715315237221795674,1735.88
4318059,2041.67
18416795,1449.99
22032043,1623.97
40160433,1799.26
21281197,1993.75
873347642082088860,851.45
42720667,1046.94
880607026059023784,1814.48
4679955,1824.06
19946831,1704.09
968207932749862784,1941.9
925648624985397790,2020.53
933503883855879047,2832.47
28220710,1204.73
1019844928155516711,2272.055
858609833316364347,1750.75
1000252377362444636,1938.17
35572828,1771.27
679251094277265342,153.81
54163567,1675.82
831887238207567105,1410.0740176767677
32587632,1844.35
41113261,1979.9033333333332
29548839,1553.73
42202219,1801.57
33288404,1605.99
681208131918140413,1468.05
849324342182298761,1764.94
28604839,1586.08
29765542,1567.99
43606103,1512.84
23205966,2017.56
827768631980392538,770.94
1995592,1709.47
52706178,1595.85
829276983804768957,1744.67
720212490867839664,1835.11
585568481664319320,2031.84
674891436783527030,1804.07
979115090468996112,1353.24
627789510779552820,1722.11
14112559,1516.82
961006,1848.31
26574530,1809.87
887967136695027458,2597.2
37130562,1520.02
949683989024178012,1755.95
46802773,911.56
2532975,2112.33
49215656,1774.37
9761890,4082.24
1020468885295007329,761.48
937985466918948775,1538.54
713049769583561030,1354.71
18773655,2819.36
35493651,1757.21
759718085882883202,1885.95
23559355,1294.49
18809180,1440.8
23631177,1508.33
19050386,1515.35
36007371,2203.79
892121509051430866,1969.2
1040964779164833733,2513.03
1008752347711818081,383.381
25193115,1721.5225
25080824,3898.48
958238894237639823,962.08
756733561202282784,3444.34
739998589335684219,1815.47
575441480842553082,1726.07
52269475,1630.38
829783053362364517,3108.85
53204972,2030.86
22251747,1473.4
732862632185724337,195.3
772518170946106661,1465.46
7027063,1604.59
51985429,1764.0
15161567,1504.385
2997414,1426.2
26756317,1469.878333333333
765954895505819490,1151.5466666666666
8685139,1363.16
680466458223299651,1752.04
843789431473187496,1715.44
19805434,964.76
39991541,1366.87
25521321,2347.8058333333333
1027961088845910273,1134.16
1010341736303527888,2701.312
999302847719165315,1400.78
572359625603226701,2030.26
1365609,1565.1
582833790411644565,1331.96
960162769816303180,1497.47
963934821067372815,1575.56
52708672,1569.555
1006621523563827818,787.02
50780994,1172.63
901719065426958617,1204.4233333333332
1018239809258742149,1016.5766666666667
2163742,1463.13
35466121,3359.46
612209813935397709,2155.76
1022823775402664295,2896.29
975995957512179640,1431.9136666666664
989776083447399183,1721.96
1038642795987491666,715.2966666666667
1026850572883997693,350.32650592463096
969708925511036055,2420.32
32420319,1576.52
1038413325241000258,3222.23
966221396225646994,1384.96
18769488,1398.4
10541223,1659.9
